[{"fields": {"model": "logentry", "app_label": "admin"}, "model": "contenttypes.contenttype", "pk": 1}, {"fields": {"model": "permission", "app_label": "auth"}, "model": "contenttypes.contenttype", "pk": 2}, {"fields": {"model": "group", "app_label": "auth"}, "model": "contenttypes.contenttype", "pk": 3}, {"fields": {"model": "contenttype", "app_label": "contenttypes"}, "model": "contenttypes.contenttype", "pk": 4}, {"fields": {"model": "session", "app_label": "sessions"}, "model": "contenttypes.contenttype", "pk": 5}, {"fields": {"model": "user", "app_label": "editorial"}, "model": "contenttypes.contenttype", "pk": 6}, {"fields": {"model": "organization", "app_label": "editorial"}, "model": "contenttypes.contenttype", "pk": 7}, {"fields": {"model": "network", "app_label": "editorial"}, "model": "contenttypes.contenttype", "pk": 8}, {"fields": {"model": "networkorganization", "app_label": "editorial"}, "model": "contenttypes.contenttype", "pk": 9}, {"fields": {"model": "series", "app_label": "editorial"}, "model": "contenttypes.contenttype", "pk": 10}, {"fields": {"model": "story", "app_label": "editorial"}, "model": "contenttypes.contenttype", "pk": 11}, {"fields": {"model": "historicalwebfacet", "app_label": "editorial"}, "model": "contenttypes.contenttype", "pk": 12}, {"fields": {"model": "webfacet", "app_label": "editorial"}, "model": "contenttypes.contenttype", "pk": 13}, {"fields": {"model": "historicalprintfacet", "app_label": "editorial"}, "model": "contenttypes.contenttype", "pk": 14}, {"fields": {"model": "printfacet", "app_label": "editorial"}, "model": "contenttypes.contenttype", "pk": 15}, {"fields": {"model": "historicalaudiofacet", "app_label": "editorial"}, "model": "contenttypes.contenttype", "pk": 16}, {"fields": {"model": "audiofacet", "app_label": "editorial"}, "model": "contenttypes.contenttype", "pk": 17}, {"fields": {"model": "historicalvideofacet", "app_label": "editorial"}, "model": "contenttypes.contenttype", "pk": 18}, {"fields": {"model": "videofacet", "app_label": "editorial"}, "model": "contenttypes.contenttype", "pk": 19}, {"fields": {"model": "webfacetcontributor", "app_label": "editorial"}, "model": "contenttypes.contenttype", "pk": 20}, {"fields": {"model": "printfacetcontributor", "app_label": "editorial"}, "model": "contenttypes.contenttype", "pk": 21}, {"fields": {"model": "audiofacetcontributor", "app_label": "editorial"}, "model": "contenttypes.contenttype", "pk": 22}, {"fields": {"model": "videofacetcontributor", "app_label": "editorial"}, "model": "contenttypes.contenttype", "pk": 23}, {"fields": {"model": "seriescopydetail", "app_label": "editorial"}, "model": "contenttypes.contenttype", "pk": 24}, {"fields": {"model": "storycopydetail", "app_label": "editorial"}, "model": "contenttypes.contenttype", "pk": 25}, {"fields": {"model": "webfacetcopydetail", "app_label": "editorial"}, "model": "contenttypes.contenttype", "pk": 26}, {"fields": {"model": "printfacetcopydetail", "app_label": "editorial"}, "model": "contenttypes.contenttype", "pk": 27}, {"fields": {"model": "audiofacetcopydetail", "app_label": "editorial"}, "model": "contenttypes.contenttype", "pk": 28}, {"fields": {"model": "videofacetcopydetail", "app_label": "editorial"}, "model": "contenttypes.contenttype", "pk": 29}, {"fields": {"model": "asset", "app_label": "editorial"}, "model": "contenttypes.contenttype", "pk": 30}, {"fields": {"model": "networknote", "app_label": "editorial"}, "model": "contenttypes.contenttype", "pk": 31}, {"fields": {"model": "organizationnote", "app_label": "editorial"}, "model": "contenttypes.contenttype", "pk": 32}, {"fields": {"model": "usernote", "app_label": "editorial"}, "model": "contenttypes.contenttype", "pk": 33}, {"fields": {"model": "seriesnote", "app_label": "editorial"}, "model": "contenttypes.contenttype", "pk": 34}, {"fields": {"model": "storynote", "app_label": "editorial"}, "model": "contenttypes.contenttype", "pk": 35}, {"fields": {"model": "discussion", "app_label": "editorial"}, "model": "contenttypes.contenttype", "pk": 36}, {"fields": {"model": "privatediscussion", "app_label": "editorial"}, "model": "contenttypes.contenttype", "pk": 37}, {"fields": {"model": "privatemessage", "app_label": "editorial"}, "model": "contenttypes.contenttype", "pk": 38}, {"fields": {"model": "comment", "app_label": "editorial"}, "model": "contenttypes.contenttype", "pk": 39}, {"fields": {"model": "commentreadstatus", "app_label": "editorial"}, "model": "contenttypes.contenttype", "pk": 40}, {"fields": {"model": "site", "app_label": "sites"}, "model": "contenttypes.contenttype", "pk": 41}, {"fields": {"model": "emailaddress", "app_label": "account"}, "model": "contenttypes.contenttype", "pk": 42}, {"fields": {"model": "emailconfirmation", "app_label": "account"}, "model": "contenttypes.contenttype", "pk": 43}, {"fields": {"model": "socialapp", "app_label": "socialaccount"}, "model": "contenttypes.contenttype", "pk": 44}, {"fields": {"model": "socialaccount", "app_label": "socialaccount"}, "model": "contenttypes.contenttype", "pk": 45}, {"fields": {"model": "socialtoken", "app_label": "socialaccount"}, "model": "contenttypes.contenttype", "pk": 46}, {"fields": {"expire_date": "2016-02-01T01:06:21.328Z", "session_data": "ODg2NTRhYzlkZjY3YWVmODg2NGNmY2VjMWE3NzhkNmZiMTEzZDdiZTp7Il9zZXNzaW9uX2V4cGlyeSI6MCwiX2F1dGhfdXNlcl9iYWNrZW5kIjoiYWxsYXV0aC5hY2NvdW50LmF1dGhfYmFja2VuZHMuQXV0aGVudGljYXRpb25CYWNrZW5kIiwiX2F1dGhfdXNlcl9oYXNoIjoiN2JjNGVmODU3NjgwYTI5NWIwZjM4Y2VhODRhZmYzNjM5MTYyNjEwOCIsIl9hdXRoX3VzZXJfaWQiOiIxIiwiX21lc3NhZ2VzIjoiW1tcIl9fanNvbl9tZXNzYWdlXCIsMCwyNSxcIllvdSBoYXZlIHNpZ25lZCBvdXQuXCJdLFtcIl9fanNvbl9tZXNzYWdlXCIsMCwyNSxcIlN1Y2Nlc3NmdWxseSBzaWduZWQgaW4gYXMgbWFkaXNvbi5cIl1dIn0="}, "model": "sessions.session", "pk": "12fbzhozxg6lh8ouyfij8y09od8evlri"}, {"fields": {"expire_date": "2016-02-01T05:47:45.934Z", "session_data": "NTJlNzczNzFhMDZhZTYwYzQ3N2IwY2QxOThmYWRlYzg3MjYzYjVlZDp7Il9zZXNzaW9uX2V4cGlyeSI6MCwiX2F1dGhfdXNlcl9oYXNoIjoiOWU2MTY1NDViYWNjYTdjOTQ5MTIxNzQ0NDEzZTQ0YTM1OWRiZTE0NyIsIl9hdXRoX3VzZXJfYmFja2VuZCI6ImFsbGF1dGguYWNjb3VudC5hdXRoX2JhY2tlbmRzLkF1dGhlbnRpY2F0aW9uQmFja2VuZCIsIl9hdXRoX3VzZXJfaWQiOiIxOSJ9"}, "model": "sessions.session", "pk": "yqkh374h6hrm23yfxl3w5ypx06dnnpt4"}, {"fields": {"name": "Coastal Network", "network_description": "Sharing content and collaborating on stories about coastal issues.", "discussion": 5, "creation_date": "2016-01-18T05:22:37.695Z", "logo": "", "owner_organization": 1}, "model": "editorial.network", "pk": 1}, {"fields": {"name": "Northern Alliance", "network_description": "Planning collaborative reporting projects and sharing content focused on Arctic issues.", "discussion": 6, "creation_date": "2016-01-18T05:23:40.308Z", "logo": "", "owner_organization": 4}, "model": "editorial.network", "pk": 2}, {"fields": {"name": "Big Apple | Big Ben Partnership", "network_description": "Collaborating and sharing stories on New York City and London of interest to audiences on both sides of the Atlantic.", "discussion": 7, "creation_date": "2016-01-18T05:26:25.781Z", "logo": "", "owner_organization": 2}, "model": "editorial.network", "pk": 3}, {"fields": {"name": "European Collaborative Reporting Project", "network_description": "Collaborating on international stories of importance across Europe.", "discussion": 8, "creation_date": "2016-01-18T05:38:08.039Z", "logo": "", "owner_organization": 3}, "model": "editorial.network", "pk": 4}, {"fields": {"organization": 3, "network": 4}, "model": "editorial.networkorganization", "pk": 1}, {"fields": {"organization": 4, "network": 4}, "model": "editorial.networkorganization", "pk": 2}, {"fields": {"organization": 1, "network": 1}, "model": "editorial.networkorganization", "pk": 3}, {"fields": {"organization": 2, "network": 1}, "model": "editorial.networkorganization", "pk": 4}, {"fields": {"organization": 1, "network": 2}, "model": "editorial.networkorganization", "pk": 5}, {"fields": {"organization": 3, "network": 2}, "model": "editorial.networkorganization", "pk": 6}, {"fields": {"organization": 2, "network": 2}, "model": "editorial.networkorganization", "pk": 7}, {"fields": {"organization": 4, "network": 2}, "model": "editorial.networkorganization", "pk": 8}, {"fields": {"organization": 3, "network": 3}, "model": "editorial.networkorganization", "pk": 9}, {"fields": {"organization": 4, "network": 3}, "model": "editorial.networkorganization", "pk": 10}, {"fields": {"discussion_type": "ORG"}, "model": "editorial.discussion", "pk": 1}, {"fields": {"discussion_type": "ORG"}, "model": "editorial.discussion", "pk": 2}, {"fields": {"discussion_type": "ORG"}, "model": "editorial.discussion", "pk": 3}, {"fields": {"discussion_type": "ORG"}, "model": "editorial.discussion", "pk": 4}, {"fields": {"discussion_type": "NET"}, "model": "editorial.discussion", "pk": 5}, {"fields": {"discussion_type": "NET"}, "model": "editorial.discussion", "pk": 6}, {"fields": {"discussion_type": "NET"}, "model": "editorial.discussion", "pk": 7}, {"fields": {"discussion_type": "NET"}, "model": "editorial.discussion", "pk": 8}, {"fields": {"discussion_type": "PRI"}, "model": "editorial.discussion", "pk": 10}, {"fields": {"domain": "example.com", "name": "example.com"}, "model": "sites.site", "pk": 1}, {"fields": {"email_address": 1, "key": "8kprsuu6ighuo59hsnibukskovsufi0dbz2zzr53fmrbuv84qrwp1ptrksftofyx", "sent": "2016-01-17T19:53:19.969Z", "created": "2016-01-17T19:53:19.840Z"}, "model": "account.emailconfirmation", "pk": 1}, {"fields": {"email_address": 2, "key": "edswaafcetrstfolt4lorohjxmpgre9jkjeitnshtuhiufcbriczxmylk9guhons", "sent": "2016-01-17T20:51:59.589Z", "created": "2016-01-17T20:51:59.552Z"}, "model": "account.emailconfirmation", "pk": 2}, {"fields": {"email_address": 3, "key": "oehpmk1fbj5pzlp3kfecbvl2zt8ur0fjhqo7ewabyllgohcawyphpxqy0gm0cnrx", "sent": "2016-01-17T21:45:17.278Z", "created": "2016-01-17T21:45:17.241Z"}, "model": "account.emailconfirmation", "pk": 3}, {"fields": {"email_address": 4, "key": "pfbebrw6yaoos3zscskvbsblzxoddvadparzlhiqy6gbwr69z7h0p7j2wlhqwhiq", "sent": "2016-01-17T21:50:19.689Z", "created": "2016-01-17T21:50:19.651Z"}, "model": "account.emailconfirmation", "pk": 4}, {"fields": {"codename": "add_logentry", "name": "Can add log entry", "content_type": 1}, "model": "auth.permission", "pk": 1}, {"fields": {"codename": "change_logentry", "name": "Can change log entry", "content_type": 1}, "model": "auth.permission", "pk": 2}, {"fields": {"codename": "delete_logentry", "name": "Can delete log entry", "content_type": 1}, "model": "auth.permission", "pk": 3}, {"fields": {"codename": "add_permission", "name": "Can add permission", "content_type": 2}, "model": "auth.permission", "pk": 4}, {"fields": {"codename": "change_permission", "name": "Can change permission", "content_type": 2}, "model": "auth.permission", "pk": 5}, {"fields": {"codename": "delete_permission", "name": "Can delete permission", "content_type": 2}, "model": "auth.permission", "pk": 6}, {"fields": {"codename": "add_group", "name": "Can add group", "content_type": 3}, "model": "auth.permission", "pk": 7}, {"fields": {"codename": "change_group", "name": "Can change group", "content_type": 3}, "model": "auth.permission", "pk": 8}, {"fields": {"codename": "delete_group", "name": "Can delete group", "content_type": 3}, "model": "auth.permission", "pk": 9}, {"fields": {"codename": "add_contenttype", "name": "Can add content type", "content_type": 4}, "model": "auth.permission", "pk": 10}, {"fields": {"codename": "change_contenttype", "name": "Can change content type", "content_type": 4}, "model": "auth.permission", "pk": 11}, {"fields": {"codename": "delete_contenttype", "name": "Can delete content type", "content_type": 4}, "model": "auth.permission", "pk": 12}, {"fields": {"codename": "add_session", "name": "Can add session", "content_type": 5}, "model": "auth.permission", "pk": 13}, {"fields": {"codename": "change_session", "name": "Can change session", "content_type": 5}, "model": "auth.permission", "pk": 14}, {"fields": {"codename": "delete_session", "name": "Can delete session", "content_type": 5}, "model": "auth.permission", "pk": 15}, {"fields": {"codename": "add_user", "name": "Can add User", "content_type": 6}, "model": "auth.permission", "pk": 16}, {"fields": {"codename": "change_user", "name": "Can change User", "content_type": 6}, "model": "auth.permission", "pk": 17}, {"fields": {"codename": "delete_user", "name": "Can delete User", "content_type": 6}, "model": "auth.permission", "pk": 18}, {"fields": {"codename": "add_organization", "name": "Can add Organization", "content_type": 7}, "model": "auth.permission", "pk": 19}, {"fields": {"codename": "change_organization", "name": "Can change Organization", "content_type": 7}, "model": "auth.permission", "pk": 20}, {"fields": {"codename": "delete_organization", "name": "Can delete Organization", "content_type": 7}, "model": "auth.permission", "pk": 21}, {"fields": {"codename": "add_network", "name": "Can add Network", "content_type": 8}, "model": "auth.permission", "pk": 22}, {"fields": {"codename": "change_network", "name": "Can change Network", "content_type": 8}, "model": "auth.permission", "pk": 23}, {"fields": {"codename": "delete_network", "name": "Can delete Network", "content_type": 8}, "model": "auth.permission", "pk": 24}, {"fields": {"codename": "add_networkorganization", "name": "Can add network organization", "content_type": 9}, "model": "auth.permission", "pk": 25}, {"fields": {"codename": "change_networkorganization", "name": "Can change network organization", "content_type": 9}, "model": "auth.permission", "pk": 26}, {"fields": {"codename": "delete_networkorganization", "name": "Can delete network organization", "content_type": 9}, "model": "auth.permission", "pk": 27}, {"fields": {"codename": "add_series", "name": "Can add Series", "content_type": 10}, "model": "auth.permission", "pk": 28}, {"fields": {"codename": "change_series", "name": "Can change Series", "content_type": 10}, "model": "auth.permission", "pk": 29}, {"fields": {"codename": "delete_series", "name": "Can delete Series", "content_type": 10}, "model": "auth.permission", "pk": 30}, {"fields": {"codename": "add_story", "name": "Can add Story", "content_type": 11}, "model": "auth.permission", "pk": 31}, {"fields": {"codename": "change_story", "name": "Can change Story", "content_type": 11}, "model": "auth.permission", "pk": 32}, {"fields": {"codename": "delete_story", "name": "Can delete Story", "content_type": 11}, "model": "auth.permission", "pk": 33}, {"fields": {"codename": "add_historicalwebfacet", "name": "Can add historical Webfacet", "content_type": 12}, "model": "auth.permission", "pk": 34}, {"fields": {"codename": "change_historicalwebfacet", "name": "Can change historical Webfacet", "content_type": 12}, "model": "auth.permission", "pk": 35}, {"fields": {"codename": "delete_historicalwebfacet", "name": "Can delete historical Webfacet", "content_type": 12}, "model": "auth.permission", "pk": 36}, {"fields": {"codename": "add_webfacet", "name": "Can add Webfacet", "content_type": 13}, "model": "auth.permission", "pk": 37}, {"fields": {"codename": "change_webfacet", "name": "Can change Webfacet", "content_type": 13}, "model": "auth.permission", "pk": 38}, {"fields": {"codename": "delete_webfacet", "name": "Can delete Webfacet", "content_type": 13}, "model": "auth.permission", "pk": 39}, {"fields": {"codename": "add_historicalprintfacet", "name": "Can add historical Printfacet", "content_type": 14}, "model": "auth.permission", "pk": 40}, {"fields": {"codename": "change_historicalprintfacet", "name": "Can change historical Printfacet", "content_type": 14}, "model": "auth.permission", "pk": 41}, {"fields": {"codename": "delete_historicalprintfacet", "name": "Can delete historical Printfacet", "content_type": 14}, "model": "auth.permission", "pk": 42}, {"fields": {"codename": "add_printfacet", "name": "Can add Printfacet", "content_type": 15}, "model": "auth.permission", "pk": 43}, {"fields": {"codename": "change_printfacet", "name": "Can change Printfacet", "content_type": 15}, "model": "auth.permission", "pk": 44}, {"fields": {"codename": "delete_printfacet", "name": "Can delete Printfacet", "content_type": 15}, "model": "auth.permission", "pk": 45}, {"fields": {"codename": "add_historicalaudiofacet", "name": "Can add historical Audiofacet", "content_type": 16}, "model": "auth.permission", "pk": 46}, {"fields": {"codename": "change_historicalaudiofacet", "name": "Can change historical Audiofacet", "content_type": 16}, "model": "auth.permission", "pk": 47}, {"fields": {"codename": "delete_historicalaudiofacet", "name": "Can delete historical Audiofacet", "content_type": 16}, "model": "auth.permission", "pk": 48}, {"fields": {"codename": "add_audiofacet", "name": "Can add Audiofacet", "content_type": 17}, "model": "auth.permission", "pk": 49}, {"fields": {"codename": "change_audiofacet", "name": "Can change Audiofacet", "content_type": 17}, "model": "auth.permission", "pk": 50}, {"fields": {"codename": "delete_audiofacet", "name": "Can delete Audiofacet", "content_type": 17}, "model": "auth.permission", "pk": 51}, {"fields": {"codename": "add_historicalvideofacet", "name": "Can add historical Videofacet", "content_type": 18}, "model": "auth.permission", "pk": 52}, {"fields": {"codename": "change_historicalvideofacet", "name": "Can change historical Videofacet", "content_type": 18}, "model": "auth.permission", "pk": 53}, {"fields": {"codename": "delete_historicalvideofacet", "name": "Can delete historical Videofacet", "content_type": 18}, "model": "auth.permission", "pk": 54}, {"fields": {"codename": "add_videofacet", "name": "Can add Videofacet", "content_type": 19}, "model": "auth.permission", "pk": 55}, {"fields": {"codename": "change_videofacet", "name": "Can change Videofacet", "content_type": 19}, "model": "auth.permission", "pk": 56}, {"fields": {"codename": "delete_videofacet", "name": "Can delete Videofacet", "content_type": 19}, "model": "auth.permission", "pk": 57}, {"fields": {"codename": "add_webfacetcontributor", "name": "Can add web facet contributor", "content_type": 20}, "model": "auth.permission", "pk": 58}, {"fields": {"codename": "change_webfacetcontributor", "name": "Can change web facet contributor", "content_type": 20}, "model": "auth.permission", "pk": 59}, {"fields": {"codename": "delete_webfacetcontributor", "name": "Can delete web facet contributor", "content_type": 20}, "model": "auth.permission", "pk": 60}, {"fields": {"codename": "add_printfacetcontributor", "name": "Can add print facet contributor", "content_type": 21}, "model": "auth.permission", "pk": 61}, {"fields": {"codename": "change_printfacetcontributor", "name": "Can change print facet contributor", "content_type": 21}, "model": "auth.permission", "pk": 62}, {"fields": {"codename": "delete_printfacetcontributor", "name": "Can delete print facet contributor", "content_type": 21}, "model": "auth.permission", "pk": 63}, {"fields": {"codename": "add_audiofacetcontributor", "name": "Can add audio facet contributor", "content_type": 22}, "model": "auth.permission", "pk": 64}, {"fields": {"codename": "change_audiofacetcontributor", "name": "Can change audio facet contributor", "content_type": 22}, "model": "auth.permission", "pk": 65}, {"fields": {"codename": "delete_audiofacetcontributor", "name": "Can delete audio facet contributor", "content_type": 22}, "model": "auth.permission", "pk": 66}, {"fields": {"codename": "add_videofacetcontributor", "name": "Can add video facet contributor", "content_type": 23}, "model": "auth.permission", "pk": 67}, {"fields": {"codename": "change_videofacetcontributor", "name": "Can change video facet contributor", "content_type": 23}, "model": "auth.permission", "pk": 68}, {"fields": {"codename": "delete_videofacetcontributor", "name": "Can delete video facet contributor", "content_type": 23}, "model": "auth.permission", "pk": 69}, {"fields": {"codename": "add_seriescopydetail", "name": "Can add series copy detail", "content_type": 24}, "model": "auth.permission", "pk": 70}, {"fields": {"codename": "change_seriescopydetail", "name": "Can change series copy detail", "content_type": 24}, "model": "auth.permission", "pk": 71}, {"fields": {"codename": "delete_seriescopydetail", "name": "Can delete series copy detail", "content_type": 24}, "model": "auth.permission", "pk": 72}, {"fields": {"codename": "add_storycopydetail", "name": "Can add story copy detail", "content_type": 25}, "model": "auth.permission", "pk": 73}, {"fields": {"codename": "change_storycopydetail", "name": "Can change story copy detail", "content_type": 25}, "model": "auth.permission", "pk": 74}, {"fields": {"codename": "delete_storycopydetail", "name": "Can delete story copy detail", "content_type": 25}, "model": "auth.permission", "pk": 75}, {"fields": {"codename": "add_webfacetcopydetail", "name": "Can add web facet copy detail", "content_type": 26}, "model": "auth.permission", "pk": 76}, {"fields": {"codename": "change_webfacetcopydetail", "name": "Can change web facet copy detail", "content_type": 26}, "model": "auth.permission", "pk": 77}, {"fields": {"codename": "delete_webfacetcopydetail", "name": "Can delete web facet copy detail", "content_type": 26}, "model": "auth.permission", "pk": 78}, {"fields": {"codename": "add_printfacetcopydetail", "name": "Can add print facet copy detail", "content_type": 27}, "model": "auth.permission", "pk": 79}, {"fields": {"codename": "change_printfacetcopydetail", "name": "Can change print facet copy detail", "content_type": 27}, "model": "auth.permission", "pk": 80}, {"fields": {"codename": "delete_printfacetcopydetail", "name": "Can delete print facet copy detail", "content_type": 27}, "model": "auth.permission", "pk": 81}, {"fields": {"codename": "add_audiofacetcopydetail", "name": "Can add audio facet copy detail", "content_type": 28}, "model": "auth.permission", "pk": 82}, {"fields": {"codename": "change_audiofacetcopydetail", "name": "Can change audio facet copy detail", "content_type": 28}, "model": "auth.permission", "pk": 83}, {"fields": {"codename": "delete_audiofacetcopydetail", "name": "Can delete audio facet copy detail", "content_type": 28}, "model": "auth.permission", "pk": 84}, {"fields": {"codename": "add_videofacetcopydetail", "name": "Can add video facet copy detail", "content_type": 29}, "model": "auth.permission", "pk": 85}, {"fields": {"codename": "change_videofacetcopydetail", "name": "Can change video facet copy detail", "content_type": 29}, "model": "auth.permission", "pk": 86}, {"fields": {"codename": "delete_videofacetcopydetail", "name": "Can delete video facet copy detail", "content_type": 29}, "model": "auth.permission", "pk": 87}, {"fields": {"codename": "add_asset", "name": "Can add asset", "content_type": 30}, "model": "auth.permission", "pk": 88}, {"fields": {"codename": "change_asset", "name": "Can change asset", "content_type": 30}, "model": "auth.permission", "pk": 89}, {"fields": {"codename": "delete_asset", "name": "Can delete asset", "content_type": 30}, "model": "auth.permission", "pk": 90}, {"fields": {"codename": "add_networknote", "name": "Can add network note", "content_type": 31}, "model": "auth.permission", "pk": 91}, {"fields": {"codename": "change_networknote", "name": "Can change network note", "content_type": 31}, "model": "auth.permission", "pk": 92}, {"fields": {"codename": "delete_networknote", "name": "Can delete network note", "content_type": 31}, "model": "auth.permission", "pk": 93}, {"fields": {"codename": "add_organizationnote", "name": "Can add organization note", "content_type": 32}, "model": "auth.permission", "pk": 94}, {"fields": {"codename": "change_organizationnote", "name": "Can change organization note", "content_type": 32}, "model": "auth.permission", "pk": 95}, {"fields": {"codename": "delete_organizationnote", "name": "Can delete organization note", "content_type": 32}, "model": "auth.permission", "pk": 96}, {"fields": {"codename": "add_usernote", "name": "Can add user note", "content_type": 33}, "model": "auth.permission", "pk": 97}, {"fields": {"codename": "change_usernote", "name": "Can change user note", "content_type": 33}, "model": "auth.permission", "pk": 98}, {"fields": {"codename": "delete_usernote", "name": "Can delete user note", "content_type": 33}, "model": "auth.permission", "pk": 99}, {"fields": {"codename": "add_seriesnote", "name": "Can add series note", "content_type": 34}, "model": "auth.permission", "pk": 100}, {"fields": {"codename": "change_seriesnote", "name": "Can change series note", "content_type": 34}, "model": "auth.permission", "pk": 101}, {"fields": {"codename": "delete_seriesnote", "name": "Can delete series note", "content_type": 34}, "model": "auth.permission", "pk": 102}, {"fields": {"codename": "add_storynote", "name": "Can add story note", "content_type": 35}, "model": "auth.permission", "pk": 103}, {"fields": {"codename": "change_storynote", "name": "Can change story note", "content_type": 35}, "model": "auth.permission", "pk": 104}, {"fields": {"codename": "delete_storynote", "name": "Can delete story note", "content_type": 35}, "model": "auth.permission", "pk": 105}, {"fields": {"codename": "add_discussion", "name": "Can add discussion", "content_type": 36}, "model": "auth.permission", "pk": 106}, {"fields": {"codename": "change_discussion", "name": "Can change discussion", "content_type": 36}, "model": "auth.permission", "pk": 107}, {"fields": {"codename": "delete_discussion", "name": "Can delete discussion", "content_type": 36}, "model": "auth.permission", "pk": 108}, {"fields": {"codename": "add_privatediscussion", "name": "Can add private discussion", "content_type": 37}, "model": "auth.permission", "pk": 109}, {"fields": {"codename": "change_privatediscussion", "name": "Can change private discussion", "content_type": 37}, "model": "auth.permission", "pk": 110}, {"fields": {"codename": "delete_privatediscussion", "name": "Can delete private discussion", "content_type": 37}, "model": "auth.permission", "pk": 111}, {"fields": {"codename": "add_privatemessage", "name": "Can add private message", "content_type": 38}, "model": "auth.permission", "pk": 112}, {"fields": {"codename": "change_privatemessage", "name": "Can change private message", "content_type": 38}, "model": "auth.permission", "pk": 113}, {"fields": {"codename": "delete_privatemessage", "name": "Can delete private message", "content_type": 38}, "model": "auth.permission", "pk": 114}, {"fields": {"codename": "add_comment", "name": "Can add comment", "content_type": 39}, "model": "auth.permission", "pk": 115}, {"fields": {"codename": "change_comment", "name": "Can change comment", "content_type": 39}, "model": "auth.permission", "pk": 116}, {"fields": {"codename": "delete_comment", "name": "Can delete comment", "content_type": 39}, "model": "auth.permission", "pk": 117}, {"fields": {"codename": "add_commentreadstatus", "name": "Can add comment read status", "content_type": 40}, "model": "auth.permission", "pk": 118}, {"fields": {"codename": "change_commentreadstatus", "name": "Can change comment read status", "content_type": 40}, "model": "auth.permission", "pk": 119}, {"fields": {"codename": "delete_commentreadstatus", "name": "Can delete comment read status", "content_type": 40}, "model": "auth.permission", "pk": 120}, {"fields": {"codename": "add_site", "name": "Can add site", "content_type": 41}, "model": "auth.permission", "pk": 121}, {"fields": {"codename": "change_site", "name": "Can change site", "content_type": 41}, "model": "auth.permission", "pk": 122}, {"fields": {"codename": "delete_site", "name": "Can delete site", "content_type": 41}, "model": "auth.permission", "pk": 123}, {"fields": {"codename": "add_emailaddress", "name": "Can add email address", "content_type": 42}, "model": "auth.permission", "pk": 124}, {"fields": {"codename": "change_emailaddress", "name": "Can change email address", "content_type": 42}, "model": "auth.permission", "pk": 125}, {"fields": {"codename": "delete_emailaddress", "name": "Can delete email address", "content_type": 42}, "model": "auth.permission", "pk": 126}, {"fields": {"codename": "add_emailconfirmation", "name": "Can add email confirmation", "content_type": 43}, "model": "auth.permission", "pk": 127}, {"fields": {"codename": "change_emailconfirmation", "name": "Can change email confirmation", "content_type": 43}, "model": "auth.permission", "pk": 128}, {"fields": {"codename": "delete_emailconfirmation", "name": "Can delete email confirmation", "content_type": 43}, "model": "auth.permission", "pk": 129}, {"fields": {"codename": "add_socialapp", "name": "Can add social application", "content_type": 44}, "model": "auth.permission", "pk": 130}, {"fields": {"codename": "change_socialapp", "name": "Can change social application", "content_type": 44}, "model": "auth.permission", "pk": 131}, {"fields": {"codename": "delete_socialapp", "name": "Can delete social application", "content_type": 44}, "model": "auth.permission", "pk": 132}, {"fields": {"codename": "add_socialaccount", "name": "Can add social account", "content_type": 45}, "model": "auth.permission", "pk": 133}, {"fields": {"codename": "change_socialaccount", "name": "Can change social account", "content_type": 45}, "model": "auth.permission", "pk": 134}, {"fields": {"codename": "delete_socialaccount", "name": "Can delete social account", "content_type": 45}, "model": "auth.permission", "pk": 135}, {"fields": {"codename": "add_socialtoken", "name": "Can add social application token", "content_type": 46}, "model": "auth.permission", "pk": 136}, {"fields": {"codename": "change_socialtoken", "name": "Can change social application token", "content_type": 46}, "model": "auth.permission", "pk": 137}, {"fields": {"codename": "delete_socialtoken", "name": "Can delete social application token", "content_type": 46}, "model": "auth.permission", "pk": 138}, {"fields": {"website": "", "last_name": "Thomas", "instagram": "www.instagram.com", "twitter": "www.twitter.com", "vine": "www.vine.com", "user_type": "", "linkedin": "www.linkedin.com", "is_staff": false, "expertise": "[\"Rural Issues\", \" science\", \" climate\", \" data journalism\"]", "user_permissions": [], "date_joined": "2016-01-17T19:53:19.579Z", "first_name": "Madison", "title": "Executive Editor", "is_superuser": false, "last_login": "2016-01-18T01:06:21.297Z", "location": "Seattle, WA", "email": "madison@criterion.com", "username": "madisont", "bio": "Madison Thomas started her journalism career in rural newsrooms in Montana before moving into a staff position with The Atlantic. Now she oversees editorial for Criterion News.", "credit_name": "Madison Thomas", "is_active": true, "phone": "(206) 587-8937", "facebook": "www.facebook.com", "snapchat": "www.snapchat.com", "groups": [], "password": "pbkdf2_sha256$20000$sQF1es3sWI9I$cNlZ75X+OLSL0wOR3S2mFvWQrtUoJ910m8ZUGVH9OYo=", "github": "", "notes": [], "profile_photo": "", "organization": 1}, "model": "editorial.user", "pk": 1}, {"fields": {"website": "", "last_name": "Patel", "instagram": "www.instagram.com", "twitter": "www.twitter.com", "vine": "www.vine.com", "user_type": "Editor", "linkedin": "www.linkedin.com", "is_staff": false, "expertise": "[\"data journalism\", \" python\", \" budgets\", \" federal budget laws\"]", "user_permissions": [], "date_joined": "2016-01-17T20:04:56.504Z", "first_name": "Victoria", "title": "Managing Editor", "is_superuser": false, "last_login": "2016-01-17T20:10:31.490Z", "location": "Seattle, WA", "email": "victoria@criterion.com", "username": "victoriap", "bio": "Former correspondent for BBC. Covering government and international relations from a data angle.", "credit_name": "Victoria Patel", "is_active": true, "phone": "(206) 587-8945", "facebook": "www.facebook.com", "snapchat": "www.snapchat.com", "groups": [], "password": "pbkdf2_sha256$20000$peZDcTiPueqx$afkAOs7I2nnkGizfd5fit/KJy/Zj+VasVOowhr6IklU=", "github": "", "notes": [], "profile_photo": "", "organization": 1}, "model": "editorial.user", "pk": 2}, {"fields": {"website": "", "last_name": "Kelly", "instagram": "www.instagram.com", "twitter": "www.twitter.com", "vine": "www.vine.com", "user_type": "Editor", "linkedin": "www.linkedin.com", "is_staff": false, "expertise": "[\"Government\"]", "user_permissions": [], "date_joined": "2016-01-17T20:14:17.945Z", "first_name": "Garret", "title": "Local Editor", "is_superuser": false, "last_login": "2016-01-17T20:15:47.616Z", "location": "Seattle, WA", "email": "garret@criterion.com", "username": "garretk", "bio": "Former cops and city government reporter. Focused on local government. Coordinates local coverage across Criterion's local bureaus.", "credit_name": "Garret Kelly", "is_active": true, "phone": "(206) 587-8925", "facebook": "www.facebook.com", "snapchat": "www.snapchat.com", "groups": [], "password": "pbkdf2_sha256$20000$qUncfseIyi52$dY8WOYmf4bF8DFH3kuqK8TejR3Ua4FekSen9CheBe3Q=", "github": "", "notes": [], "profile_photo": "", "organization": 1}, "model": "editorial.user", "pk": 4}, {"fields": {"website": "", "last_name": "O'Connell", "instagram": "www.instagram.com", "twitter": "www.twitter.com", "vine": "www.vine.com", "user_type": "Staff", "linkedin": "www.linkedin.com", "is_staff": false, "expertise": "[\"Government\", \" policy\", \" spending\", \" audio production\", \" data reporting\", \" \"]", "user_permissions": [], "date_joined": "2016-01-17T20:19:01.978Z", "first_name": "Katie", "title": "Senior Reporter", "is_superuser": false, "last_login": "2016-01-17T20:20:14.151Z", "location": "Olympia, WA", "email": "katie@criterion.com", "username": "katieO", "bio": "Covering state government for Criterion News.", "credit_name": "Katie O'Connell", "is_active": true, "phone": "(206) 587-8998", "facebook": "www.facebook.com", "snapchat": "www.snapchat.com", "groups": [], "password": "pbkdf2_sha256$20000$Ztah1gvmlCO6$oa6Fsi79lLe7NM9q5+V3WpE26asL+9JTnxY815O807s=", "github": "", "notes": [], "profile_photo": "", "organization": 1}, "model": "editorial.user", "pk": 5}, {"fields": {"website": "", "last_name": "Wilson", "instagram": "www.instagram.com", "twitter": "www.twitter.com", "vine": "www.vine.com", "user_type": "Staff", "linkedin": "www.linkedin.com", "is_staff": false, "expertise": "[\"Education\", \" audio production\", \" podcasting\", \" video\", \" photography\"]", "user_permissions": [], "date_joined": "2016-01-17T20:23:53Z", "first_name": "Abe", "title": "Reporter", "is_superuser": false, "last_login": "2016-01-17T20:25:04Z", "location": "Seattle, WA", "email": "abe@criterion.com", "username": "abeW", "bio": "Education reporter for Criterion News", "credit_name": "Abe Wilson", "is_active": true, "phone": "(206) 587-8967", "facebook": "www.facebook.com", "snapchat": "www.snapchat.com", "groups": [], "password": "pbkdf2_sha256$20000$ZAY06sStauvD$KAYBR+0fj9kQFmOLR/nHzdNPxfunbkRBb4H9kmLtEr8=", "github": "", "notes": [], "profile_photo": "", "organization": 1}, "model": "editorial.user", "pk": 6}, {"fields": {"website": "", "last_name": "Reynolds", "instagram": "www.instagram.com", "twitter": "www.twitter.com", "vine": "www.vine.com", "user_type": "Staff", "linkedin": "www.linkedin.com", "is_staff": false, "expertise": "[\"Python\", \" D3\", \" TileMill\", \" Photoshop\", \" Illustrator\", \" Javascript\", \" Mapping\", \" data\"]", "user_permissions": [], "date_joined": "2016-01-17T20:28:14.846Z", "first_name": "Alex", "title": "Graphics Team Lead", "is_superuser": false, "last_login": "2016-01-17T20:28:56.377Z", "location": "Seattle, WA", "email": "alex@criterion.com", "username": "alexR", "bio": "Data viz and UX expert. I make graphics and interactives for Criterion News.", "credit_name": "Alex Reynolds", "is_active": true, "phone": "(206) 587-8938", "facebook": "www.facebook.com", "snapchat": "www.snapchat.com", "groups": [], "password": "pbkdf2_sha256$20000$Ys0vBJyzRX1U$93/j5ToV55WjfwrHYL6l0sgBfP0sRu4Rv8HZu+9tv/w=", "github": "", "notes": [], "profile_photo": "", "organization": 1}, "model": "editorial.user", "pk": 7}, {"fields": {"website": "", "last_name": "Guzman", "instagram": "www.instagram.com", "twitter": "www.twitter.com", "vine": "www.vine.com", "user_type": "Staff", "linkedin": "www.linkedin.com", "is_staff": false, "expertise": "[\"D3\", \" r\", \" ntlk\", \" machine learning\", \" python\", \" \"]", "user_permissions": [], "date_joined": "2016-01-17T20:31:24.350Z", "first_name": "Christina", "title": "Data Reporter", "is_superuser": false, "last_login": "2016-01-17T20:32:08.047Z", "location": "Seattle, WA", "email": "christina@criterion.com", "username": "christinag", "bio": "I turn numbers into stories. Analyzing and reporting on data from government, industry and academia.", "credit_name": "Christina Guzman", "is_active": true, "phone": "(206) 587-8925", "facebook": "www.facebook.com", "snapchat": "www.snapchat.com", "groups": [], "password": "pbkdf2_sha256$20000$MnArThnzPUZv$oWW6yIDa4hSm1e6lUaxyF+W0yoQ/TfPf78v7K65FjAk=", "github": "", "notes": [], "profile_photo": "", "organization": 1}, "model": "editorial.user", "pk": 8}, {"fields": {"website": "", "last_name": "Steinsson", "instagram": "www.instagram.com", "twitter": "www.twitter.com", "vine": "www.vine.com", "user_type": "Staff", "linkedin": "www.linkedin.com", "is_staff": false, "expertise": "[\"climate change\", \" northern issues\", \" indigenous issues\", \" energy policy\"]", "user_permissions": [], "date_joined": "2016-01-17T20:34:25.797Z", "first_name": "Kristjan", "title": "Reporter", "is_superuser": false, "last_login": "2016-01-17T20:35:06.755Z", "location": "Seattle, WA", "email": "kristjan@criterion.com", "username": "kristjanS", "bio": "Newsroom exchange from Arctic Times in Oslo. Covering arctic and energy issues.", "credit_name": "Kristjan Steinsson", "is_active": true, "phone": "(206) 587-8911", "facebook": "www.facebook.com", "snapchat": "www.snapchat.com", "groups": [], "password": "pbkdf2_sha256$20000$LWllkvj5pzkC$Rd387pDoTceEukZF0OC/WkdXoPKhEhoupK3mPpmCNzM=", "github": "", "notes": [], "profile_photo": "", "organization": 1}, "model": "editorial.user", "pk": 9}, {"fields": {"website": "", "last_name": "Oliver", "instagram": "www.instagram.com", "twitter": "www.twitter.com", "vine": "www.vine.com", "user_type": "", "linkedin": "www.linkedin.com", "is_staff": false, "expertise": "[\"online media\", \" news\", \" editorial\"]", "user_permissions": [], "date_joined": "2016-01-17T20:51:59.377Z", "first_name": "Danielle", "title": "Founder & Managing Editor", "is_superuser": false, "last_login": "2016-01-18T05:24:41.959Z", "location": "New York, NY", "email": "danielle@wolfmedia.com", "username": "danielleO", "bio": "Founder and CEO of Wolf Media. ", "credit_name": "Danielle Oliver", "is_active": true, "phone": "(718) 456-8790", "facebook": "www.facebook.com", "snapchat": "www.snapchat.com", "groups": [], "password": "pbkdf2_sha256$20000$KUGTQnhWZxJU$dp7eRo083fJcJh2WFaAtApEyar3XKscrRdDdw+Yhqio=", "github": "", "notes": [], "profile_photo": "", "organization": 2}, "model": "editorial.user", "pk": 10}, {"fields": {"website": "", "last_name": "Ramsay", "instagram": "www.instagram.com", "twitter": "www.twitter.com", "vine": "www.vine.com", "user_type": "Editor", "linkedin": "www.linkedin.com", "is_staff": false, "expertise": "[]", "user_permissions": [], "date_joined": "2016-01-17T20:58:37.765Z", "first_name": "Cliff", "title": "Editor", "is_superuser": false, "last_login": "2016-01-18T01:18:14.804Z", "location": "New York, NY", "email": "cliff@wolfmedia.com", "username": "cliffR", "bio": "", "credit_name": "Cliff Ramsay", "is_active": true, "phone": "(718) 456-8890", "facebook": "www.facebook.com", "snapchat": "www.snapchat.com", "groups": [], "password": "pbkdf2_sha256$20000$JG9k2U5N0iwX$W2/MoTGPUnpTjtsGRgCKKJQ+oqz0bsyToxo9hx506gA=", "github": "", "notes": [], "profile_photo": "", "organization": 2}, "model": "editorial.user", "pk": 11}, {"fields": {"website": "", "last_name": "Glover", "instagram": "www.instagram.com", "twitter": "www.twitter.com", "vine": "www.vine.com", "user_type": "Editor", "linkedin": "www.linkedin.com", "is_staff": false, "expertise": "[]", "user_permissions": [], "date_joined": "2016-01-17T21:15:22Z", "first_name": "Allison", "title": "Editor", "is_superuser": false, "last_login": "2016-01-17T21:18:00Z", "location": "New York, NY", "email": "allison@wolfmedia.com", "username": "allisong", "bio": "", "credit_name": "Allison Glover", "is_active": true, "phone": "(718) 456-8990", "facebook": "www.facebook.com", "snapchat": "www.snapchat.com", "groups": [], "password": "pbkdf2_sha256$20000$mepBIx5fjicX$mpTLLefauuM9DXOOX8+r8jkp7gjjOUTViX2JtHfyyek=", "github": "", "notes": [], "profile_photo": "", "organization": 2}, "model": "editorial.user", "pk": 12}, {"fields": {"website": "", "last_name": "Haas", "instagram": "www.instagram.com", "twitter": "www.twitter.com", "vine": "www.vine.com", "user_type": "Editor", "linkedin": "www.linkedin.com", "is_staff": false, "expertise": "[]", "user_permissions": [], "date_joined": "2016-01-17T21:21:09.379Z", "first_name": "Amado", "title": "Editor", "is_superuser": false, "last_login": "2016-01-17T21:23:46.711Z", "location": "New York, NY", "email": "amado@wolfmedia.com", "username": "AmadoH", "bio": "", "credit_name": "Amado Haas", "is_active": true, "phone": "(718) 456-8880", "facebook": "www.facebook.com", "snapchat": "www.snapchat.com", "groups": [], "password": "pbkdf2_sha256$20000$IFFv0CGsBK69$VMt4sIWd/YzJjcvWYdNvsNPVS7DguIE6q0cO9yOHYbs=", "github": "", "notes": [], "profile_photo": "", "organization": 2}, "model": "editorial.user", "pk": 13}, {"fields": {"website": "", "last_name": "Weigall", "instagram": "www.instagram.com", "twitter": "www.twitter.com", "vine": "www.vine.com", "user_type": "Staff", "linkedin": "www.linkedin.com", "is_staff": false, "expertise": "[]", "user_permissions": [], "date_joined": "2016-01-17T21:30:05.033Z", "first_name": "Isabella", "title": "Reporter", "is_superuser": false, "last_login": "2016-01-17T21:34:46.990Z", "location": "New York, NY", "email": "isabella@wolfmedia.com", "username": "IsabellaW", "bio": "", "credit_name": "Isabella Weigall", "is_active": true, "phone": "(718) 456-8870", "facebook": "www.facebook.com", "snapchat": "www.snapchat.com", "groups": [], "password": "pbkdf2_sha256$20000$j4Idurr1bhs0$mkAFKKjr54+wHykqFNR/Gon08kiDVX6KfFXQbN+wI1g=", "github": "", "notes": [], "profile_photo": "", "organization": 2}, "model": "editorial.user", "pk": 14}, {"fields": {"website": "", "last_name": "Cardoso", "instagram": "www.instagram.com", "twitter": "www.twitter.com", "vine": "www.vine.com", "user_type": "Staff", "linkedin": "www.linkedin.com", "is_staff": false, "expertise": "[]", "user_permissions": [], "date_joined": "2016-01-17T21:31:00.159Z", "first_name": "David", "title": "Reporter", "is_superuser": false, "last_login": "2016-01-17T21:37:48.985Z", "location": "New York, NY", "email": "david@wolfmedia.com", "username": "davidc", "bio": "", "credit_name": "David Cardoso", "is_active": true, "phone": "(718) 456-8860", "facebook": "www.facebook.com", "snapchat": "www.snapchat.com", "groups": [], "password": "pbkdf2_sha256$20000$TOyMwZWU173E$OAqQPPkeGrmGUhKtfMWyARzc7A+KkuicfPG2f+nyoVA=", "github": "", "notes": [], "profile_photo": "", "organization": 2}, "model": "editorial.user", "pk": 15}, {"fields": {"website": "", "last_name": "Broberg", "instagram": "www.instagram.com", "twitter": "www.twitter.com", "vine": "www.vine.com", "user_type": "Staff", "linkedin": "www.linkedin.com", "is_staff": false, "expertise": "[]", "user_permissions": [], "date_joined": "2016-01-17T21:31:47.183Z", "first_name": "Pavia", "title": "Reporter", "is_superuser": false, "last_login": "2016-01-17T21:40:31.364Z", "location": "New York, NY", "email": "pavia@wolfmedia.com", "username": "paviab", "bio": "", "credit_name": "Pavia Broberg", "is_active": true, "phone": "(718) 456-8780", "facebook": "www.facebook.com", "snapchat": "www.snapchat.com", "groups": [], "password": "pbkdf2_sha256$20000$ihARLTAdjj7S$oS7vuLLuQ8D8lDaPa/qP4fIr3b4LyvoWuCfSRkcfClo=", "github": "", "notes": [], "profile_photo": "", "organization": 2}, "model": "editorial.user", "pk": 16}, {"fields": {"website": "", "last_name": "Tasarov", "instagram": "www.instagram.com", "twitter": "www.twitter.com", "vine": "www.vine.com", "user_type": "Staff", "linkedin": "www.linkedin.com", "is_staff": false, "expertise": "[]", "user_permissions": [], "date_joined": "2016-01-17T21:32:30.200Z", "first_name": "Lucas", "title": "Reporter", "is_superuser": false, "last_login": "2016-01-17T21:42:56.197Z", "location": "New York, NY", "email": "lucas@wolfmedia.com", "username": "lucast", "bio": "", "credit_name": "Lucas Tasarov", "is_active": true, "phone": "(718) 456-8760", "facebook": "www.facebook.com", "snapchat": "www.snapchat.com", "groups": [], "password": "pbkdf2_sha256$20000$r6K0GqQJHOuB$ANc4Oux26F8J5T3EVg2VMpEGEwt2TV7BJ71lQNHMnas=", "github": "", "notes": [], "profile_photo": "", "organization": 2}, "model": "editorial.user", "pk": 17}, {"fields": {"website": "", "last_name": "Maning", "instagram": "www.instagram.com", "twitter": "www.twitter.com", "vine": "www.vine.com", "user_type": "", "linkedin": "www.linkedin.com", "is_staff": false, "expertise": "[]", "user_permissions": [], "date_joined": "2016-01-17T21:45:17.062Z", "first_name": "Ella", "title": "Executive Editor", "is_superuser": false, "last_login": "2016-01-18T05:37:21.271Z", "location": "London", "email": "ella@international.com", "username": "ellam", "bio": "", "credit_name": "Ella Manning", "is_active": true, "phone": "020 818 1775", "facebook": "www.facebook.com", "snapchat": "www.snapchat.com", "groups": [], "password": "pbkdf2_sha256$20000$WT9FYWr0aLym$LGbEIctK5AF4lg20nRSBP2Zdd4KrNhaQaK/UrYt8jF8=", "github": "", "notes": [], "profile_photo": "", "organization": 3}, "model": "editorial.user", "pk": 18}, {"fields": {"website": "", "last_name": "Mikalsen", "instagram": "www.instagram.com", "twitter": "www.twitter.com", "vine": "www.vine.com", "user_type": "Editor", "linkedin": "www.linkedin.com", "is_staff": false, "expertise": "[]", "user_permissions": [], "date_joined": "2016-01-17T21:50:19Z", "first_name": "Maren", "title": "Executive Editor", "is_superuser": false, "last_login": "2016-01-18T05:47:45Z", "location": "Oslo Norway", "email": "maren@arctictimes.org", "username": "marenm", "bio": "", "credit_name": "Maren Mikalsen", "is_active": true, "phone": "047 103 1783", "facebook": "www.facebook.com", "snapchat": "www.snapchat.com", "groups": [], "password": "pbkdf2_sha256$20000$oEHcB1FlsSIK$FZvUu57shYCf3nWV1efMWlvmWFl3F7VCmF33i6oppTo=", "github": "", "notes": [], "profile_photo": "", "organization": 4}, "model": "editorial.user", "pk": 19}, {"fields": {"website": "", "last_name": "Parker", "instagram": "www.instagram.com", "twitter": "www.twitter.com", "vine": "www.vine.com", "user_type": "Editor", "linkedin": "www.linkedin.com", "is_staff": false, "expertise": "[]", "user_permissions": [], "date_joined": "2016-01-17T21:59:33Z", "first_name": "Zoe", "title": "Editor", "is_superuser": false, "last_login": "2016-01-17T22:24:34Z", "location": "London", "email": "zoe@international.com", "username": "zoep", "bio": "", "credit_name": "Zoe Parker", "is_active": true, "phone": "020 818 1770", "facebook": "www.facebook.com", "snapchat": "www.snapchat.com", "groups": [], "password": "pbkdf2_sha256$20000$o7Oto5SKiQiu$CVHc+DsZIMc8fb2+7aF9KwUHhKM9V4gYlk/PJuIjdzI=", "github": "", "notes": [], "profile_photo": "", "organization": 3}, "model": "editorial.user", "pk": 20}, {"fields": {"website": "", "last_name": "Atkinson", "instagram": "www.instagram.com", "twitter": "www.twitter.com", "vine": "www.vine.com", "user_type": "Editor", "linkedin": "www.linkedin.com", "is_staff": false, "expertise": "[]", "user_permissions": [], "date_joined": "2016-01-17T22:00:08Z", "first_name": "Jamie", "title": "Editor", "is_superuser": false, "last_login": "2016-01-17T22:27:30Z", "location": "London", "email": "jamie@international.com", "username": "jamiea", "bio": "", "credit_name": "Jamie Athenson", "is_active": true, "phone": "020 818 1773", "facebook": "www.facebook.com", "snapchat": "www.snapchat.com", "groups": [], "password": "pbkdf2_sha256$20000$ExzxjO5Ct9bV$P4hbreXDkmovrEZpDXvV1OweqBFksefIQnrSw01Eujg=", "github": "", "notes": [], "profile_photo": "", "organization": 3}, "model": "editorial.user", "pk": 21}, {"fields": {"website": "", "last_name": "Morris", "instagram": "www.instagram.com", "twitter": "www.twitter.com", "vine": "www.vine.com", "user_type": "Editor", "linkedin": "www.linkedin.com", "is_staff": false, "expertise": "[]", "user_permissions": [], "date_joined": "2016-01-17T22:00:40Z", "first_name": "Poppy", "title": "editor", "is_superuser": false, "last_login": "2016-01-17T22:33:45Z", "location": "London", "email": "poppy@international.com", "username": "poppym", "bio": "", "credit_name": "Poppy Morris", "is_active": true, "phone": "020 323 1773", "facebook": "www.facebook.com", "snapchat": "www.snapchat.com", "groups": [], "password": "pbkdf2_sha256$20000$wKTnhBLoH27W$Ls7sdZ91VKqwYW7J61eGO+nkSqswla8OH58PWuGJRRY=", "github": "", "notes": [], "profile_photo": "", "organization": 3}, "model": "editorial.user", "pk": 22}, {"fields": {"website": "", "last_name": "Bladeburn", "instagram": "www.instagram.com", "twitter": "www.twitter.com", "vine": "www.vine.com", "user_type": "Staff", "linkedin": "www.linkedin.com", "is_staff": false, "expertise": "[]", "user_permissions": [], "date_joined": "2016-01-17T22:01:19Z", "first_name": "Harrison", "title": "Reporter", "is_superuser": false, "last_login": "2016-01-17T22:37:25Z", "location": "London", "email": "harrison@international.com", "username": "harrisonb", "bio": "", "credit_name": "Harrison Bladeburn", "is_active": true, "phone": "020 615 1775", "facebook": "www.facebook.com", "snapchat": "www.snapchat.com", "groups": [], "password": "pbkdf2_sha256$20000$0Qn03RMhyxyW$EGe6r9bzbFRYtcxwQ1q2tUgkNuWnRjH4CN1/BzAMNSA=", "github": "", "notes": [], "profile_photo": "", "organization": 3}, "model": "editorial.user", "pk": 23}, {"fields": {"website": "", "last_name": "Frost", "instagram": "www.instagram.com", "twitter": "www.twitter.com", "vine": "www.vine.com", "user_type": "Staff", "linkedin": "www.linkedin.com", "is_staff": false, "expertise": "[]", "user_permissions": [], "date_joined": "2016-01-17T22:01:57Z", "first_name": "Abby", "title": "Reporter", "is_superuser": false, "last_login": "2016-01-17T22:39:33Z", "location": "London", "email": "abbey@international.com", "username": "abbyp", "bio": "", "credit_name": "Abby Prost", "is_active": true, "phone": "020 115 1776", "facebook": "www.facebook.com", "snapchat": "www.snapchat.com", "groups": [], "password": "pbkdf2_sha256$20000$XxWNUacDmSwr$s1a8iCIjgiuzoulUh/VUO5sK/ttWIMz2ncxZyzHXhjE=", "github": "", "notes": [], "profile_photo": "", "organization": 3}, "model": "editorial.user", "pk": 24}, {"fields": {"website": "", "last_name": "Cameron", "instagram": "www.instagram.com", "twitter": "www.twitter.com", "vine": "www.vine.com", "user_type": "Staff", "linkedin": "www.linkedin.com", "is_staff": false, "expertise": "[]", "user_permissions": [], "date_joined": "2016-01-17T22:02:24Z", "first_name": "Joe", "title": "Reporter", "is_superuser": false, "last_login": "2016-01-17T22:42:04Z", "location": "London", "email": "joe@international.com", "username": "joec", "bio": "", "credit_name": "Joe Cameron", "is_active": true, "phone": "020 317 1776", "facebook": "www.facebook.com", "snapchat": "www.snapchat.com", "groups": [], "password": "pbkdf2_sha256$20000$OhYQKuBlx5Zb$TkCjbrzoRhMGcUNSnJhQ7cKPyrrID44JO6vxY+HSBkQ=", "github": "", "notes": [], "profile_photo": "", "organization": 3}, "model": "editorial.user", "pk": 25}, {"fields": {"website": "", "last_name": "Seif", "instagram": "www.instagram.com", "twitter": "www.twitter.com", "vine": "www.vine.com", "user_type": "Staff", "linkedin": "www.linkedin.com", "is_staff": false, "expertise": "[]", "user_permissions": [], "date_joined": "2016-01-17T22:02:50.993Z", "first_name": "Karam", "title": "Reporter", "is_superuser": false, "last_login": "2016-01-17T22:44:10.067Z", "location": "London", "email": "karam@international.com", "username": "karams", "bio": "", "credit_name": "Karam Seif", "is_active": true, "phone": "020 621 1788", "facebook": "www.facebook.com", "snapchat": "www.snapchat.com", "groups": [], "password": "pbkdf2_sha256$20000$gsQlEGMFg53f$ptiWv98isZBDi4RV/G+4Qeu/kkkl/no+EgpcwCyI05E=", "github": "", "notes": [], "profile_photo": "", "organization": 3}, "model": "editorial.user", "pk": 26}, {"fields": {"website": "", "last_name": "Lu", "instagram": "www.instagram.com", "twitter": "www.twitter.com", "vine": "www.vine.com", "user_type": "Staff", "linkedin": "www.linkedin.com", "is_staff": false, "expertise": "[]", "user_permissions": [], "date_joined": "2016-01-17T22:03:20Z", "first_name": "Jie", "title": "Reporter", "is_superuser": false, "last_login": "2016-01-18T01:29:43.001Z", "location": "London", "email": "jie@international.com", "username": "jiel", "bio": "", "credit_name": "Jie Lu", "is_active": true, "phone": "020 818 1783", "facebook": "www.facebook.com", "snapchat": "www.snapchat.com", "groups": [], "password": "pbkdf2_sha256$20000$NWaEvjr4qa3Y$C0YS1ZHYTjgJm5t1clKdFM7Hh9JwXWx1fUxZIJI5Z08=", "github": "", "notes": [], "profile_photo": "", "organization": 3}, "model": "editorial.user", "pk": 27}, {"fields": {"website": "", "last_name": "Lettiere", "instagram": "www.instagram.com", "twitter": "www.twitter.com", "vine": "www.vine.com", "user_type": "Staff", "linkedin": "www.linkedin.com", "is_staff": false, "expertise": "[]", "user_permissions": [], "date_joined": "2016-01-17T22:04:00.500Z", "first_name": "Rosina", "title": "Reporter", "is_superuser": false, "last_login": "2016-01-17T22:19:11.400Z", "location": "London", "email": "rosina@international.com", "username": "rosinal", "bio": "", "credit_name": "Rosina Lettiere", "is_active": true, "phone": "020 818 1812", "facebook": "www.facebook.com", "snapchat": "www.snapchat.com", "groups": [], "password": "pbkdf2_sha256$20000$tRnVW5IBc2EO$BydAWvUwHq2vk2td6gyMwhMh1kCPFWVUlDfSE6k2J+A=", "github": "", "notes": [], "profile_photo": "", "organization": 3}, "model": "editorial.user", "pk": 28}, {"fields": {"website": "", "last_name": "", "instagram": "", "twitter": "", "vine": "", "user_type": "", "linkedin": "", "is_staff": true, "expertise": "[]", "user_permissions": [], "date_joined": "2016-01-17T23:04:10.212Z", "first_name": "", "title": "", "is_superuser": true, "last_login": "2016-01-18T07:43:56.966Z", "location": "", "email": "heatherbryant2006@gmail.com", "username": "HB", "bio": "", "credit_name": "", "is_active": true, "phone": "", "facebook": "", "snapchat": "", "groups": [], "password": "pbkdf2_sha256$20000$kuJHZO1TjnEG$V4hFDj7zUfx0USZQWre1Ce/mvmcfGuVR7QRRqWv+oXo=", "github": "", "notes": [], "profile_photo": "", "organization": null}, "model": "editorial.user", "pk": 30}, {"fields": {"website": "", "last_name": "Krakens", "instagram": "www.instagram.com", "twitter": "www.twitter.com", "vine": "www.vine.com", "user_type": "Editor", "linkedin": "www.linkedin.com", "is_staff": false, "expertise": "[]", "user_permissions": [], "date_joined": "2016-01-17T23:14:03.098Z", "first_name": "Tomas", "title": "editor", "is_superuser": false, "last_login": "2016-01-17T23:52:05.045Z", "location": "Norway", "email": "tomas@arctictimes.org", "username": "tomask", "bio": "", "credit_name": "Tomas Krakens", "is_active": true, "phone": "047 117 2016", "facebook": "www.facebook.com", "snapchat": "www.snapchat.com", "groups": [], "password": "pbkdf2_sha256$20000$kgzoHPp4Sy7Q$63/xnQFrNs9jSpuLiyQuaxbNxNGeUFZU4T/gZdwaPcY=", "github": "", "notes": [], "profile_photo": "", "organization": 4}, "model": "editorial.user", "pk": 31}, {"fields": {"website": "", "last_name": "Kramsdal", "instagram": "www.instagram.com", "twitter": "www.twitter.com", "vine": "www.vine.com", "user_type": "Staff", "linkedin": "www.linkedin.com", "is_staff": false, "expertise": "[]", "user_permissions": [], "date_joined": "2016-01-17T23:15:00.872Z", "first_name": "Julie", "title": "Reporter", "is_superuser": false, "last_login": "2016-01-17T23:30:17.231Z", "location": "Norway", "email": "julie@arctictimes.org", "username": "juliek", "bio": "", "credit_name": "Julie Kramsdal", "is_active": true, "phone": "047 127 1941", "facebook": "www.facebook.com", "snapchat": "www.snapchat.com", "groups": [], "password": "pbkdf2_sha256$20000$9FhEo30McHNl$HcsjZReUpSOF6AO9iK30IwlFA4vo4AR1awG2PWv3hiY=", "github": "", "notes": [], "profile_photo": "", "organization": 4}, "model": "editorial.user", "pk": 32}, {"fields": {"website": "", "last_name": "Hannsen", "instagram": "www.instagram.com", "twitter": "www.twitter.com", "vine": "", "user_type": "Staff", "linkedin": "www.linkedin.com", "is_staff": false, "expertise": "[\"Science\", \" climate chance\", \" Arctic policy\"]", "user_permissions": [], "date_joined": "2016-01-17T23:15:32.735Z", "first_name": "Alan", "title": "Senior Reporter", "is_superuser": false, "last_login": "2016-01-17T23:33:39.329Z", "location": "Norway", "email": "alan@arctictimes.org", "username": "alanh", "bio": "Alan Hannsen has covered arctic issues for more than a decade as a science reporter for Smithsonian and Discover Magazine before joining Arctic Times.", "credit_name": "Alan Hannsen", "is_active": true, "phone": "(047) 093-1945", "facebook": "www.facebook.com", "snapchat": "", "groups": [], "password": "pbkdf2_sha256$20000$cCZt4OPsx4U7$CnucdO7BZphdhU5igYTOZolv0YAHUmw86RGgAn2qX9w=", "github": "", "notes": [], "profile_photo": "", "organization": 4}, "model": "editorial.user", "pk": 33}, {"fields": {"website": "", "last_name": "Salbakken", "instagram": "www.instagram.com", "twitter": "www.twitter.com", "vine": "www.vine.com", "user_type": "Staff", "linkedin": "www.linkedin.com", "is_staff": false, "expertise": "[]", "user_permissions": [], "date_joined": "2016-01-17T23:16:14.439Z", "first_name": "Victor", "title": "Reporter", "is_superuser": false, "last_login": "2016-01-18T03:55:24.703Z", "location": "Norway", "email": "victor@arctictimes.org", "username": "victors", "bio": "", "credit_name": "Victor Salbakken", "is_active": true, "phone": "047 720 1969", "facebook": "www.facebook.com", "snapchat": "www.snapchat.com", "groups": [], "password": "pbkdf2_sha256$20000$3uryuYBkskt1$Un8zXaNtGF319YVVhOI8/puA0gCV8e3eGuVeYeV8KI8=", "github": "", "notes": [], "profile_photo": "", "organization": 4}, "model": "editorial.user", "pk": 34}, {"fields": {"website": "", "last_name": "Alexander", "instagram": "www.instagram.com", "twitter": "www.twitter.com", "vine": "www.vine.com", "user_type": "Staff", "linkedin": "www.linkedin.com", "is_staff": false, "expertise": "[]", "user_permissions": [], "date_joined": "2016-01-17T23:16:53.582Z", "first_name": "Sylvie", "title": "Reporter", "is_superuser": false, "last_login": "2016-01-17T23:39:33.293Z", "location": "Norway", "email": "sylvie@arctictimes.org", "username": "sylviea", "bio": "", "credit_name": "Sylvie Alexander", "is_active": true, "phone": "047 911 2001", "facebook": "www.facebook.com", "snapchat": "www.snapchat.com", "groups": [], "password": "pbkdf2_sha256$20000$0DsZQeREFupf$mFCTAdNjrK1HtRbV6ksrhlCda3+qh1dJS2fCCUsVZw4=", "github": "", "notes": [], "profile_photo": "", "organization": 4}, "model": "editorial.user", "pk": 35}, {"fields": {"website": "", "last_name": "Thorne", "instagram": "www.instagram.com", "twitter": "www.twitter.com", "vine": "www.vine.com", "user_type": "Editor", "linkedin": "www.linkedin.com", "is_staff": false, "expertise": "[]", "user_permissions": [], "date_joined": "2016-01-17T23:19:03.364Z", "first_name": "Henning", "title": "editor", "is_superuser": false, "last_login": "2016-01-17T23:24:37.616Z", "location": "Norway", "email": "henning@arctictimes.org", "username": "henningt", "bio": "", "credit_name": "Henning Thorne", "is_active": true, "phone": "047 623 1914", "facebook": "www.facebook.com", "snapchat": "www.snapchat.com", "groups": [], "password": "pbkdf2_sha256$20000$2dQ4tdfkuw5K$VNW9xRFGpeppp7fMFkHdexB2u6zgAl1cB2Rkm/WnlL0=", "github": "", "notes": [], "profile_photo": "", "organization": 4}, "model": "editorial.user", "pk": 36}, {"fields": {"website": "", "last_name": "Fredriksen", "instagram": "www.instagram.com", "twitter": "www.twitter.com", "vine": "www.vine.com", "user_type": "Editor", "linkedin": "www.linkedin.com", "is_staff": false, "expertise": "[]", "user_permissions": [], "date_joined": "2016-01-17T23:19:34.542Z", "first_name": "Laila", "title": "Editor", "is_superuser": false, "last_login": "2016-01-17T23:27:48.146Z", "location": "Norway", "email": "laila@arctictimes.org", "username": "lailaf", "bio": "", "credit_name": "Laila Fredriksen", "is_active": true, "phone": "047 029 1929", "facebook": "www.facebook.com", "snapchat": "www.snapchat.com", "groups": [], "password": "pbkdf2_sha256$20000$VXqdJ8zBywlm$mvi4pRSuAvCH0mvBCLWrnvtQ3MSmDtv4sSpxMutnJMw=", "github": "", "notes": [], "profile_photo": "", "organization": 4}, "model": "editorial.user", "pk": 37}, {"fields": {"website": "", "name": "Criterion News", "twitter": "", "creation_date": "2016-01-17T19:56:27.005Z", "org_description": "Criterion News covers the topics that matter to bring audiences in-depth coverage for an informed world.", "facebook": "", "location": "", "owner": 1, "logo": "", "discussion": 1}, "model": "editorial.organization", "pk": 1}, {"fields": {"website": "", "name": "Wolf Media", "twitter": "", "creation_date": "2016-01-17T20:52:33.985Z", "org_description": "Online news team covering national and international issues from a data perspective.", "facebook": "", "location": "", "owner": 10, "logo": "", "discussion": 2}, "model": "editorial.organization", "pk": 2}, {"fields": {"website": "", "name": "International Times", "twitter": "", "creation_date": "2016-01-17T21:47:12.795Z", "org_description": "The world informed.", "facebook": "", "location": "", "owner": 18, "logo": "", "discussion": 3}, "model": "editorial.organization", "pk": 3}, {"fields": {"website": "", "name": "Arctic Times", "twitter": "", "creation_date": "2016-01-17T21:51:09.863Z", "org_description": "Covering climate change and arctic issues.", "facebook": "", "location": "", "owner": 19, "logo": "", "discussion": 4}, "model": "editorial.organization", "pk": 4}, {"fields": {"text": "<form action=\"/network/invitation/accept/\" method=\"POST\" class=\"post-form\">{\\% \\csrf %}<input type=\"hidden\" name=\"network\" value=\"1\" /><button type=\"submit\" class=\"btn btn-primary\">Accept Invitation</button></form>", "discussion": 10, "user": 1, "date": "2016-01-18T07:44:57.174Z", "recipient": 19, "subject": "Invitation for Arctic Times to join Coastal Network"}, "model": "editorial.privatemessage", "pk": 2}, {"fields": {"date": "2016-01-18T06:11:16.827Z", "text": "Welcome to the new Coastal Network everybody!", "discussion": 5, "user": 1}, "model": "editorial.comment", "pk": 1}, {"fields": {"verified": false, "user": 1, "primary": true, "email": "madison@criterion.com"}, "model": "account.emailaddress", "pk": 1}, {"fields": {"verified": true, "user": 10, "primary": true, "email": "danielle@wolfmedia.com"}, "model": "account.emailaddress", "pk": 2}, {"fields": {"verified": true, "user": 18, "primary": true, "email": "ella@internation.com"}, "model": "account.emailaddress", "pk": 3}, {"fields": {"verified": true, "user": 19, "primary": true, "email": "Maren@arctictimes.com"}, "model": "account.emailaddress", "pk": 4}, {"fields": {"action_flag": 3, "action_time": "2016-01-17T23:04:45.164Z", "object_repr": "meren mikalsen", "object_id": "29", "change_message": "", "user": 30, "content_type": 6}, "model": "admin.logentry", "pk": 1}, {"fields": {"action_flag": 2, "action_time": "2016-01-17T23:42:00.800Z", "object_repr": "abby prost", "object_id": "24", "change_message": "Changed first_name and last_name.", "user": 30, "content_type": 6}, "model": "admin.logentry", "pk": 2}, {"fields": {"action_flag": 2, "action_time": "2016-01-17T23:42:46.039Z", "object_repr": "harrison bladeburn", "object_id": "23", "change_message": "Changed first_name and last_name.", "user": 30, "content_type": 6}, "model": "admin.logentry", "pk": 3}, {"fields": {"action_flag": 2, "action_time": "2016-01-17T23:43:19.129Z", "object_repr": "joe cameron", "object_id": "25", "change_message": "Changed first_name and last_name.", "user": 30, "content_type": 6}, "model": "admin.logentry", "pk": 4}, {"fields": {"action_flag": 2, "action_time": "2016-01-17T23:43:37.734Z", "object_repr": "Jie Lu", "object_id": "27", "change_message": "No fields changed.", "user": 30, "content_type": 6}, "model": "admin.logentry", "pk": 5}, {"fields": {"action_flag": 2, "action_time": "2016-01-17T23:44:10.921Z", "object_repr": "Abby Prost", "object_id": "24", "change_message": "Changed credit_name.", "user": 30, "content_type": 6}, "model": "admin.logentry", "pk": 6}, {"fields": {"action_flag": 2, "action_time": "2016-01-17T23:44:35.428Z", "object_repr": "Abe Wilson", "object_id": "6", "change_message": "No fields changed.", "user": 30, "content_type": 6}, "model": "admin.logentry", "pk": 7}, {"fields": {"action_flag": 2, "action_time": "2016-01-17T23:46:53.961Z", "object_repr": "Harrison Bladeburn", "object_id": "23", "change_message": "Changed credit_name.", "user": 30, "content_type": 6}, "model": "admin.logentry", "pk": 8}, {"fields": {"action_flag": 2, "action_time": "2016-01-17T23:47:19.825Z", "object_repr": "Joe Cameron", "object_id": "25", "change_message": "Changed credit_name.", "user": 30, "content_type": 6}, "model": "admin.logentry", "pk": 9}, {"fields": {"action_flag": 2, "action_time": "2016-01-17T23:49:19.592Z", "object_repr": "Poppy Morris", "object_id": "22", "change_message": "Changed first_name, last_name and credit_name.", "user": 30, "content_type": 6}, "model": "admin.logentry", "pk": 10}, {"fields": {"action_flag": 2, "action_time": "2016-01-17T23:50:17.144Z", "object_repr": "Maren Mikalsen", "object_id": "19", "change_message": "Changed email and user_type.", "user": 30, "content_type": 6}, "model": "admin.logentry", "pk": 11}, {"fields": {"action_flag": 1, "action_time": "2016-01-18T05:41:48.232Z", "object_repr": "European Collaborative Reporting Project, Arctic Times", "object_id": "2", "change_message": "", "user": 30, "content_type": 9}, "model": "admin.logentry", "pk": 12}, {"fields": {"action_flag": 1, "action_time": "2016-01-18T05:41:56.986Z", "object_repr": "Coastal Network, Criterion News", "object_id": "3", "change_message": "", "user": 30, "content_type": 9}, "model": "admin.logentry", "pk": 13}, {"fields": {"action_flag": 1, "action_time": "2016-01-18T05:42:04.149Z", "object_repr": "Coastal Network, Wolf Media", "object_id": "4", "change_message": "", "user": 30, "content_type": 9}, "model": "admin.logentry", "pk": 14}, {"fields": {"action_flag": 1, "action_time": "2016-01-18T05:42:12.877Z", "object_repr": "Northern Alliance, Criterion News", "object_id": "5", "change_message": "", "user": 30, "content_type": 9}, "model": "admin.logentry", "pk": 15}, {"fields": {"action_flag": 1, "action_time": "2016-01-18T05:42:22.987Z", "object_repr": "Northern Alliance, International Times", "object_id": "6", "change_message": "", "user": 30, "content_type": 9}, "model": "admin.logentry", "pk": 16}, {"fields": {"action_flag": 1, "action_time": "2016-01-18T05:42:29.014Z", "object_repr": "Northern Alliance, Wolf Media", "object_id": "7", "change_message": "", "user": 30, "content_type": 9}, "model": "admin.logentry", "pk": 17}, {"fields": {"action_flag": 1, "action_time": "2016-01-18T05:42:42.434Z", "object_repr": "Northern Alliance, Arctic Times", "object_id": "8", "change_message": "", "user": 30, "content_type": 9}, "model": "admin.logentry", "pk": 18}, {"fields": {"action_flag": 1, "action_time": "2016-01-18T05:43:00.839Z", "object_repr": "Big Apple | Big Ben Partnership, International Times", "object_id": "9", "change_message": "", "user": 30, "content_type": 9}, "model": "admin.logentry", "pk": 19}, {"fields": {"action_flag": 1, "action_time": "2016-01-18T05:43:09.274Z", "object_repr": "Big Apple | Big Ben Partnership, Arctic Times", "object_id": "10", "change_message": "", "user": 30, "content_type": 9}, "model": "admin.logentry", "pk": 20}, {"fields": {"action_flag": 2, "action_time": "2016-01-18T07:14:17.438Z", "object_repr": "Maren Mikalsen", "object_id": "19", "change_message": "Changed email.", "user": 30, "content_type": 6}, "model": "admin.logentry", "pk": 21}, {"fields": {"action_flag": 2, "action_time": "2016-01-18T07:15:13.253Z", "object_repr": "Allison Glover", "object_id": "12", "change_message": "Changed email.", "user": 30, "content_type": 6}, "model": "admin.logentry", "pk": 22}, {"fields": {"action_flag": 2, "action_time": "2016-01-18T07:15:36.257Z", "object_repr": "Zoe Parker", "object_id": "20", "change_message": "Changed email.", "user": 30, "content_type": 6}, "model": "admin.logentry", "pk": 23}, {"fields": {"action_flag": 2, "action_time": "2016-01-18T07:15:53.622Z", "object_repr": "Abby Prost", "object_id": "24", "change_message": "Changed last_name.", "user": 30, "content_type": 6}, "model": "admin.logentry", "pk": 24}, {"fields": {"action_flag": 2, "action_time": "2016-01-18T07:16:26.899Z", "object_repr": "Jamie Athenson", "object_id": "21", "change_message": "Changed last_name.", "user": 30, "content_type": 6}, "model": "admin.logentry", "pk": 25}, {"fields": {"action_flag": 3, "action_time": "2016-01-18T07:44:14.710Z", "object_repr": "Discussion:9 from PRI", "object_id": "9", "change_message": "", "user": 30, "content_type": 36}, "model": "admin.logentry", "pk": 26}]